model,vars,S,rel(S),Act,choices,*-opt,random,Unnamed: 8,max_depth,depth,best,best relative,time (best),time (all),tree depth,tree nodes,|M|,F,Fs=,F?,H?,H+,dtcontrol nodes,dtcontrol depth,dtcontrol time,omdt time,omdt best,omdt bound,omdt depth,omdt nodes,omdt time (best)
maze-7,9,2039,100.0,5,10195,5.1796,1.2183,,1,1,1.9469,0.1839,3.66,8.17,1,1,18900,275,19,256,85,6,280,14,00:00:00.139,143.21566939353943,1.946872501,1.946885202,1,1,105
maze-7,9,2039,100.0,5,10195,5.1796,1.2183,,2,2,3.2506,0.513,11.12,1070.13,2,3,1.00E+11,29556,4589,24967,6426,6,280,14,00:00:00.139,1201.7878086566925,2.597534551,5.179579947,2,3,335
maze-7,9,2039,100.0,5,10195,5.1796,1.2183,,3,3,3.9167,0.6812,814.46,1200.18,3,7,1.00E+25,17425,2510,14915,3516,10,280,14,00:00:00.139,1202.842232465744,2.820471547,5.179580289,3,6,472
maze-7,9,2039,100.0,5,10195,5.1796,1.2183,,4,4,4.0824,0.723,382.05,1200.25,4,6,1.00E+54,6282,1375,4907,928,7,280,14,00:00:00.139,1204.9964108467102,2.054364695,5.179578906,4,10,936
maze-7,9,2039,100.0,5,10195,5.1796,1.2183,,5,5,4.1511,0.7404,745.91,1200.62,5,8,1.00E+111,1929,341,1588,411,6,280,14,00:00:00.139,1209.611742019653,2.236610829,5.179579236,5,18,1175
maze-7,9,2039,100.0,5,10195,5.1796,1.2183,,6,6,4.2316,0.7607,1099.08,1201.02,6,12,1.00E+226,645,167,478,74,7,280,14,00:00:00.139,1219.473370552063,1.456646614,5.179579206,5,22,1020
maze-7,9,2039,100.0,5,10195,5.1796,1.2183,,7,7,4.1621,0.7431,904.97,1203.51,7,14,1e455,293,116,177,24,3,280,14,00:00:00.139,1240.3473815917969,1.248480022,5.179579264,7,46,943
maze-7,9,2039,100.0,5,10195,5.1796,1.2183,,8,8,4.1366,0.7367,298.61,1204.8,5,7,1e912,168,72,96,21,0,280,14,00:00:00.139,1285.2664651870728,1.218305981,53000.0,0,0,64
maze-steps,5,198,99.49,5,990,-17.1595,-74.9548,,1,1,-63.2248,0.203,0.32,0.95,1,1,4375,336,33,303,94,4,94,11,00:00:00.040,4.170780658721924,-63.2248599,-63.22485152,1,1,3
maze-steps,5,198,99.49,5,990,-17.1595,-74.9548,,2,2,-24.5559,0.872,1.12,19.58,2,3,1.00E+09,4635,1042,3593,732,5,94,11,00:00:00.040,156.92337369918823,-24.55591324,-24.55584546,2,3,156
maze-steps,5,198,99.49,5,990,-17.1595,-74.9548,,3,3,-19.9697,0.9514,272.7,1200.05,3,7,1.00E+21,164465,42068,122397,20166,13,94,11,00:00:00.040,1200.265240430832,-19.9896074,-17.15948306,3,7,776
maze-steps,5,198,99.49,5,990,-17.1595,-74.9548,,4,4,-19.6757,0.9565,389.12,1200.08,4,10,1.00E+44,61609,17740,43869,4870,3,94,11,00:00:00.040,1200.4465336799622,-19.74331086,-17.15948869,4,11,479
maze-steps,5,198,99.49,5,990,-17.1595,-74.9548,,5,5,-18.418,0.9782,360.41,1200.08,5,14,1.00E+91,28474,8909,19565,1433,4,94,11,00:00:00.040,1200.8884890079498,-17.23205928,-17.1594912,5,29,560
maze-steps,5,198,99.49,5,990,-17.1595,-74.9548,,6,6,-18.4145,0.9783,603.36,1200.14,6,16,1.00E+186,12556,3523,9033,977,2,94,11,00:00:00.040,1201.8049137592316,-18.33762936,-17.15949094,6,33,1178
maze-steps,5,198,99.49,5,990,-17.1595,-74.9548,,7,7,-18.4145,0.9783,503.32,1200.1,6,18,1e374,5915,1773,4142,331,0,94,11,00:00:00.040,1203.769552707672,-17.19414963,-17.15949223,7,48,1112
maze-steps,5,198,99.49,5,990,-17.1595,-74.9548,,8,8,-18.3671,0.9791,1155.28,1200.75,7,36,1e750,2322,836,1486,24,4,94,11,00:00:00.040,1207.8780765533447,-17.52121581,-17.15949125,8,55,1199
3d_navigation,3,125,100.0,7,875,0.3518,0.0,,1,1,0.0,0.0,0.02,0.34,0,0,9408,180,20,160,44,0,6,4,00:00:00.003,4.434620141983032,6.02e-06,6.03e-06,1,1,4
3d_navigation,3,125,100.0,7,875,0.3518,0.0,,2,2,0.0207,0.0587,38.28,77.54,2,3,1.00E+10,30651,5130,25521,6756,5,6,4,00:00:00.003,102.4504373073578,0.02066641875,0.02066642863,2,3,35
3d_navigation,3,125,100.0,7,875,0.3518,0.0,,3,3,0.3518,1.0,87.21,87.26,3,7,1.00E+22,2604,543,2061,424,0,6,4,00:00:00.003,68.71969771385193,0.3518545977,0.3518546075,3,6,68
3d_navigation,3,125,100.0,7,875,0.3518,0.0,,4,3,0.3518,1.0,87.15,87.21,3,7,1.00E+22,2604,543,2061,424,0,6,4,00:00:00.003,42.90411591529846,0.3518545977,0.3518547724,4,11,42
3d_navigation,3,125,100.0,7,875,0.3518,0.0,,5,3,0.3518,1.0,86.95,87.01,3,7,1.00E+22,2604,543,2061,424,0,6,4,00:00:00.003,83.39805459976196,0.3518545977,0.3518546075,5,17,82
3d_navigation,3,125,100.0,7,875,0.3518,0.0,,6,3,0.3518,1.0,86.83,86.88,3,7,1.00E+22,2604,543,2061,424,0,6,4,00:00:00.003,83.4867639541626,0.3518545977,0.3518546075,6,28,82
3d_navigation,3,125,100.0,7,875,0.3518,0.0,,7,3,0.3518,1.0,86.68,86.73,3,7,1.00E+22,2604,543,2061,424,0,6,4,00:00:00.003,236.2559311389923,0.3518545977,0.3518546075,6,17,233
3d_navigation,3,125,100.0,7,875,0.3518,0.0,,8,3,0.3518,1.0,84.77,84.82,3,7,1.00E+22,2604,543,2061,424,0,6,4,00:00:00.003,156.15890216827393,0.3518545977,0.3518546075,8,33,149
blackjack,3,533,100.0,3,1599,-2.1732,-11.732,,1,1,-2.3526,0.9812,0.16,0.83,1,1,10773,116,29,87,16,1,8,7,00:00:00.008,5.838810205459595,-2.35261631,-2.352616319,1,1,5
blackjack,3,533,100.0,3,1599,-2.1732,-11.732,,2,2,-2.2053,0.9966,23.91,38.16,2,3,1.00E+11,3040,947,2093,292,1,8,7,00:00:00.008,14.729341506958008,-2.205271497,-2.205271507,2,3,12
blackjack,3,533,100.0,3,1599,-2.1732,-11.732,,3,3,-2.2053,0.9966,23.94,1200.07,2,3,1.00E+25,61187,22176,39011,3432,0,8,7,00:00:00.008,144.20603132247925,-2.173208583,-2.173208593,3,7,143
blackjack,3,533,100.0,3,1599,-2.1732,-11.732,,4,4,-2.1732,1.0,196.06,237.87,4,9,1.00E+53,1162,450,712,12,0,8,7,00:00:00.008,169.2039279937744,-2.173208583,-2.173208593,4,13,168
blackjack,3,533,100.0,3,1599,-2.1732,-11.732,,5,4,-2.1732,1.0,165.79,208.61,4,9,1.00E+53,1162,450,712,12,0,8,7,00:00:00.008,445.1478090286255,-2.173208583,-2.173208593,5,12,443
blackjack,3,533,100.0,3,1599,-2.1732,-11.732,,6,4,-2.1732,1.0,146.73,189.9,4,9,1.00E+53,1162,450,712,12,0,8,7,00:00:00.008,1110.492715358734,-2.173208583,-2.173208593,6,21,1106
blackjack,3,533,100.0,3,1599,-2.1732,-11.732,,7,4,-2.1732,1.0,131.29,173.86,4,9,1.00E+53,1162,450,712,12,0,8,7,00:00:00.008,1207.7864158153534,-2.35261631,-2.173208593,6,24,960
blackjack,3,533,100.0,3,1599,-2.1732,-11.732,,8,4,-2.1732,1.0,120.57,163.0,4,9,1.00E+53,1162,450,712,12,0,8,7,00:00:00.008,1216.0765008926392,-2.185934241,-2.173208593,8,33,877
frozenlake_4x4,2,16,68.75,5,80,0.542,0.0124,,1,1,0.1104,0.1851,0.08,0.2,1,1,450,159,20,139,42,2,8,5,00:00:00.003,0.1871562004089355,0.110398307,0.1103983077,1,1,0
frozenlake_4x4,2,16,68.75,5,80,0.542,0.0124,,2,2,0.3652,0.6661,0.42,0.48,2,3,1.00E+06,207,64,143,17,0,8,5,00:00:00.003,0.2304232120513916,0.3651665126,0.3651665144,2,3,0
frozenlake_4x4,2,16,68.75,5,80,0.542,0.0124,,3,3,0.5201,0.9586,0.56,186.88,3,5,1.00E+14,82945,33634,49311,505,0,8,5,00:00:00.003,0.5245609283447266,0.5201247567,0.5201248228,3,6,0
frozenlake_4x4,2,16,68.75,5,80,0.542,0.0124,,4,4,0.542,1.0,150.47,150.53,4,7,1.00E+30,2,0,2,0,0,8,5,00:00:00.003,0.6434147357940674,0.5420259289,0.5420259305,4,11,0
frozenlake_4x4,2,16,68.75,5,80,0.542,0.0124,,5,4,0.542,1.0,120.47,120.52,4,7,1.00E+30,2,0,2,0,0,8,5,00:00:00.003,0.4274251461029053,0.5420259289,0.5420259305,5,11,0
frozenlake_4x4,2,16,68.75,5,80,0.542,0.0124,,6,4,0.542,1.0,100.47,100.52,4,7,1.00E+30,2,0,2,0,0,8,5,00:00:00.003,1.586017370223999,0.5420259289,0.5420259305,6,15,1
frozenlake_4x4,2,16,68.75,5,80,0.542,0.0124,,7,4,0.542,1.0,86.18,86.24,4,7,1.00E+30,2,0,2,0,0,8,5,00:00:00.003,2.693990468978882,0.5420259289,0.5420260989,6,15,2
frozenlake_4x4,2,16,68.75,5,80,0.542,0.0124,,8,4,0.542,1.0,75.47,75.52,4,7,1.00E+30,2,0,2,0,0,8,5,00:00:00.003,4.46832013130188,0.5420259289,0.5420259305,8,19,3
frozenlake_8x8,2,64,82.81,5,320,0.4146,0.0011,,1,1,0.3069,0.7394,0.04,0.17,1,1,2450,86,11,75,24,5,35,8,00:00:00.015,0.492549180984497,0.3068709783,0.3068709833,1,1,0
frozenlake_8x8,2,64,82.81,5,320,0.4146,0.0011,,2,2,0.387,0.9332,0.94,2.64,2,3,1.00E+08,1130,303,827,182,2,35,8,00:00:00.015,3.5893261432647705,0.3870225907,0.3870229822,2,3,3
frozenlake_8x8,2,64,82.81,5,320,0.4146,0.0011,,3,3,0.3918,0.9447,904.19,1200.05,3,6,1.00E+19,337112,110117,226995,40380,3,35,8,00:00:00.015,12.109742164611816,0.3926846767,0.3926975064,3,6,11
frozenlake_8x8,2,64,82.81,5,320,0.4146,0.0011,,4,4,0.3959,0.9546,153.24,1200.07,4,8,1.00E+41,161805,57871,103934,9236,0,35,8,00:00:00.015,1200.1686449050903,0.4047314541,0.4085801156,4,14,535
frozenlake_8x8,2,64,82.81,5,320,0.4146,0.0011,,5,5,0.3969,0.9572,244.18,1200.07,5,10,1.00E+84,74322,27180,47142,4553,0,35,8,00:00:00.015,1200.2857778072355,0.4145179601,0.4146403591,5,28,1166
frozenlake_8x8,2,64,82.81,5,320,0.4146,0.0011,,6,6,0.4146,1.0,958.05,958.19,6,31,1.00E+170,32619,10692,21927,2151,0,35,8,00:00:00.015,143.67843866348267,0.4146187079,0.4146403591,6,37,143
frozenlake_8x8,2,64,82.81,5,320,0.4146,0.0011,,7,7,0.4146,1.0,499.37,499.48,7,30,1e342,3143,1012,2131,216,0,35,8,00:00:00.015,148.0975444316864,0.4146403578,0.4146403591,7,44,146
frozenlake_8x8,2,64,82.81,5,320,0.4146,0.0011,,8,8,0.4146,1.0,387.7,387.83,7,30,1e686,101,34,67,5,0,35,8,00:00:00.015,309.0281250476837,0.4146403578,0.4146403591,8,53,306
frozenlake_12x12,2,144,87.5,5,720,0.3487,0.0002,,1,1,0.0207,0.0588,0.61,1.26,1,1,6050,623,48,575,209,8,67,11,00:00:00.035,2.419016122817993,0.02065979527,0.02065979961,1,1,1
frozenlake_12x12,2,144,87.5,5,720,0.3487,0.0002,,2,2,0.1177,0.3371,18.36,79.16,2,3,1.00E+09,26567,4629,21938,6178,6,67,11,00:00:00.035,221.11627888679504,0.1176700177,0.1176700253,2,3,106
frozenlake_12x12,2,144,87.5,5,720,0.3487,0.0002,,3,3,0.131,0.3753,214.06,1200.06,3,7,1.00E+22,185075,51795,133280,23258,1,67,11,00:00:00.035,1200.1948421001434,0.238707454,0.3486651695,3,6,1158
frozenlake_12x12,2,144,87.5,5,720,0.3487,0.0002,,4,4,0.201,0.5763,804.22,1200.08,4,13,1.00E+46,96621,29333,67288,9021,2,67,11,00:00:00.035,1200.337106466293,0.2757559312,0.3487237168,4,14,800
frozenlake_12x12,2,144,87.5,5,720,0.3487,0.0002,,5,5,0.284,0.8142,326.21,1200.1,5,14,1.00E+96,41069,14771,26298,2251,0,67,11,00:00:00.035,1200.6357140541077,0.3053871031,0.3487237168,5,20,1166
frozenlake_12x12,2,144,87.5,5,720,0.3487,0.0002,,6,6,0.3049,0.8742,1150.44,1200.21,6,25,1.00E+194,15419,5491,9928,940,3,67,11,00:00:00.035,1201.3203699588776,0.3071070773,0.3487237168,6,32,1192
frozenlake_12x12,2,144,87.5,5,720,0.3487,0.0002,,7,7,0.3005,0.8615,520.89,1200.14,6,20,1e392,14128,4832,9296,746,0,67,11,00:00:00.035,1202.7079615592957,0.3010193082,0.3487237168,7,33,1196
frozenlake_12x12,2,144,87.5,5,720,0.3487,0.0002,,8,8,0.3046,0.8736,932.43,1200.21,6,26,1e786,5709,1893,3816,372,0,67,11,00:00:00.035,1205.767050743103,0.3050695243,0.3487237168,8,53,1170
inventory_management,1,101,100.0,101,10201,967.8227,-960.241,,1,1,955.2716,0.9935,3.99,7.26,1,1,1.00E+06,22,3,19,4,2,14,6,00:00:00.012,151.57791113853455,955.3381979,955.3471857,1,1,121
inventory_management,1,101,100.0,101,10201,967.8227,-960.241,,2,2,966.0764,0.9991,25.57,58.36,2,3,1.00E+14,232,59,173,28,0,14,6,00:00:00.012,1212.670090675354,966.1477461,967.8976271,2,3,602
inventory_management,1,101,100.0,101,10201,967.8227,-960.241,,3,3,967.7712,1.0,744.73,745.14,3,7,1.00E+30,3041,1197,1844,8,0,14,6,00:00:00.012,1213.4269909858704,966.8791445,967.8976271,3,6,1192
inventory_management,1,101,100.0,101,10201,967.8227,-960.241,,4,3,967.6131,0.9999,62.84,208.69,3,6,1.00E+30,676,268,408,6,0,14,6,00:00:00.012,465.82590532302856,967.8666547,967.8976271,4,9,450
inventory_management,1,101,100.0,101,10201,967.8227,-960.241,,5,3,967.6131,0.9999,62.8,178.67,3,6,1.00E+30,544,216,328,5,0,14,6,00:00:00.012,1218.7800540924072,967.3221125,967.8976271,5,12,545
inventory_management,1,101,100.0,101,10201,967.8227,-960.241,,6,3,967.6131,0.9999,62.77,158.56,3,6,1.00E+30,455,180,275,5,0,14,6,00:00:00.012,1226.6681802272797,967.6203348,967.8976271,6,19,8
inventory_management,1,101,100.0,101,10201,967.8227,-960.241,,7,3,967.6131,0.9999,62.86,144.34,3,6,1.00E+30,388,151,237,5,0,14,6,00:00:00.012,1243.5840146541595,966.0977032,967.8976271,5,15,17
inventory_management,1,101,100.0,101,10201,967.8227,-960.241,,8,3,967.6131,0.9999,62.78,133.78,3,6,1.00E+30,341,132,209,5,0,14,6,00:00:00.012,1280.864137649536,965.9990591,967.8976271,6,19,1149
system_administrator_1,8,256,100.0,10,2560,223.9561,98.8933,,1,1,203.4027,0.8357,0.32,5.17,0,0,800,112,8,104,29,0,76,8,00:00:00.029,37.274192571640015,203.4167466,203.4167466,0,0,15
system_administrator_1,8,256,100.0,10,2560,223.9561,98.8933,,2,2,209.9347,0.8879,66.39,849.59,2,2,1.00E+06,19848,1070,18778,5761,4,76,8,00:00:00.029,887.3843176364899,209.9487522,209.9507201,2,3,874
system_administrator_1,8,256,100.0,10,2560,223.9561,98.8933,,3,3,210.4755,0.8922,538.79,1200.06,3,3,1.00E+14,23420,1002,22418,6984,2,76,8,00:00:00.029,1202.8348922729492,212.096542,223.9700971,3,7,1200
system_administrator_1,8,256,100.0,10,2560,223.9561,98.8933,,4,4,212.8986,0.9116,620.09,1200.1,4,8,1.00E+29,21014,3652,17362,3522,4,76,8,00:00:00.029,1203.08647441864,212.7379466,223.9700972,4,7,857
system_administrator_1,8,256,100.0,10,2560,223.9561,98.8933,,5,5,212.5772,0.909,308.11,1200.16,4,7,1.00E+59,11181,1424,9757,2368,0,76,8,00:00:00.029,1204.1304540634155,213.8327939,223.9700971,5,14,1169
system_administrator_1,8,256,100.0,10,2560,223.9561,98.8933,,6,6,212.5772,0.909,268.66,1200.28,4,7,1.00E+120,6336,1827,4509,353,0,76,8,00:00:00.029,1206.180891275406,213.9108241,223.9700972,6,41,1194
system_administrator_1,8,256,100.0,10,2560,223.9561,98.8933,,7,7,212.5772,0.909,241.28,1200.11,4,7,1.00E+242,3579,1092,2487,144,0,76,8,00:00:00.029,1210.7462356090546,214.9466197,223.9700972,7,36,4
system_administrator_1,8,256,100.0,10,2560,223.9561,98.8933,,8,8,213.6558,0.9176,1095.16,1201.5,8,49,1e486,541,167,374,33,1,76,8,00:00:00.029,1220.6554300785065,202.9294058,223.9700972,8,20,1165
system_administrator_2,8,256,100.0,10,2560,241.1455,111.6115,,1,1,146.6464,0.2705,4.91,16.97,1,1,800,236,6,230,74,3,41,8,00:00:00.017,233.6651012897492,146.6526731,146.6526731,1,1,157
system_administrator_2,8,256,100.0,10,2560,241.1455,111.6115,,2,2,182.81,0.5497,428.0,1200.1,2,2,1.00E+06,25771,717,25054,8319,5,41,8,00:00:00.017,1205.1671724319458,182.8170736,241.1535644,2,3,606
system_administrator_2,8,256,100.0,10,2560,241.1455,111.6115,,3,3,176.4251,0.5004,670.98,1200.09,3,5,1.00E+14,23838,678,23160,7336,4,41,8,00:00:00.017,1205.0897183418274,190.9166062,241.1535641,3,6,1030
system_administrator_2,8,256,100.0,10,2560,241.1455,111.6115,,4,4,176.0062,0.4971,183.72,1200.09,3,5,1.00E+29,17414,992,16422,4877,0,41,8,00:00:00.017,1205.5701477527618,187.8984721,241.1535637,4,9,1193
system_administrator_2,8,256,100.0,10,2560,241.1455,111.6115,,5,5,176.0062,0.4971,153.84,1200.1,3,5,1.00E+59,9385,606,8779,3182,0,41,8,00:00:00.017,1206.482416391373,203.2565727,241.1535637,5,17,953
system_administrator_2,8,256,100.0,10,2560,241.1455,111.6115,,6,6,176.0062,0.4971,133.67,1200.06,3,5,1.00E+120,6402,334,6068,1861,0,41,8,00:00:00.017,1209.0159585475922,196.4749047,241.1535637,6,28,1183
system_administrator_2,8,256,100.0,10,2560,241.1455,111.6115,,7,7,176.0062,0.4971,119.55,1200.69,3,5,1.00E+242,2837,607,2230,390,0,41,8,00:00:00.017,1213.206619501114,164.2873996,241.1535644,7,46,1197
system_administrator_2,8,256,100.0,10,2560,241.1455,111.6115,,8,8,180.8032,0.5342,638.76,1200.74,8,42,1e486,1665,468,1197,128,0,41,8,00:00:00.017,1222.713074207306,98.92101311,241.153564,0,0,8
system_administrator_tree,7,128,100.0,9,1152,557.693,332.2623,,1,1,377.9102,0.2025,0.57,4.58,1,1,567,479,12,467,147,1,12,7,00:00:00.006,27.657521963119507,377.933134,377.933134,1,1,18
system_administrator_tree,7,128,100.0,9,1152,557.693,332.2623,,2,2,438.9329,0.4732,58.89,784.99,2,3,1.00E+06,80570,6250,74320,20606,0,12,7,00:00:00.006,1200.6092128753662,433.8170864,496.8390392,2,3,1196
system_administrator_tree,7,128,100.0,9,1152,557.693,332.2623,,3,3,461.7553,0.5744,335.71,1200.08,3,5,1.00E+13,69762,8578,61184,14683,0,12,7,00:00:00.006,1200.6962714195251,467.7392011,557.7247113,3,7,466
system_administrator_tree,7,128,100.0,9,1152,557.693,332.2623,,4,4,494.2814,0.7187,1044.81,1200.1,4,8,1.00E+27,39150,1593,37557,11461,1,12,7,00:00:00.006,1200.9175391197205,536.4131408,557.7247113,4,12,1148
system_administrator_tree,7,128,100.0,9,1152,557.693,332.2623,,5,5,524.7605,0.8539,1093.55,1200.2,5,17,1.00E+56,16080,1502,14578,3862,4,12,7,00:00:00.006,1201.3673360347748,516.8098926,557.7247113,5,18,1147
system_administrator_tree,7,128,100.0,9,1152,557.693,332.2623,,6,6,512.6239,0.8001,1114.39,1200.26,6,22,1.00E+114,9664,2275,7389,952,2,12,7,00:00:00.006,1202.2737128734589,548.1366292,557.7247113,6,26,1196
system_administrator_tree,7,128,100.0,9,1152,557.693,332.2623,,7,7,557.693,1.0,558.42,558.63,7,31,1.00E+229,725,163,562,78,0,12,7,00:00:00.006,275.67117738723755,557.7200618,557.7247113,7,29,271
system_administrator_tree,7,128,100.0,9,1152,557.693,332.2623,,8,8,557.693,1.0,504.19,504.4,7,23,1e459,116,31,85,7,0,12,7,00:00:00.006,1208.793924331665,537.7031495,557.7247113,8,28,1194
tictactoe_vs_random,27,2424,99.96,10,24240,0.9734,-0.8149,,1,1,-0.7553,0.0333,3.61,31.67,1,1,2700,2855,71,2784,890,1,25,6,00:00:00.030,1202.9967510700226,-0.7553021851,0.9270603567,1,1,400
tictactoe_vs_random,27,2424,99.96,10,24240,0.9734,-0.8149,,2,2,0.287,0.6162,81.51,1200.06,2,3,1.00E+08,88659,4405,84254,25165,4,25,6,00:00:00.030,1204.110027551651,0.247883625,0.9734128596,2,3,1081
tictactoe_vs_random,27,2424,99.96,10,24240,0.9734,-0.8149,,3,3,0.3547,0.654,1133.85,1200.07,3,6,1.00E+18,35355,687,34668,11104,0,25,6,00:00:00.030,1206.3579885959623,-0.1630437188,0.9734128596,3,6,897
tictactoe_vs_random,27,2424,99.96,10,24240,0.9734,-0.8149,,4,4,0.287,0.6162,84.04,1200.06,2,3,1.00E+37,16341,4547,11794,913,0,25,6,00:00:00.030,1211.714751958847,-0.8380167997,0.9734128596,2,2,293
tictactoe_vs_random,27,2424,99.96,10,24240,0.9734,-0.8149,,5,5,0.287,0.6162,81.46,1200.45,2,3,1.00E+76,3985,167,3818,1180,0,25,6,00:00:00.030,1222.347608089447,-0.8149295735,0.9734128596,1,1,12
tictactoe_vs_random,27,2424,99.96,10,24240,0.9734,-0.8149,,6,6,0.9734,1.0,480.45,480.8,6,47,1.00E+154,2,0,2,0,0,25,6,00:00:00.030,1245.627794265747,-0.8149295735,0.9734128596,1,1,25
tictactoe_vs_random,27,2424,99.96,10,24240,0.9734,-0.8149,,7,6,0.9734,1.0,423.16,423.52,6,47,1.00E+154,2,0,2,0,0,25,6,00:00:00.030,1295.2916560173037,-0.8149295735,680.5705502,2,2,50
tictactoe_vs_random,27,2424,99.96,10,24240,0.9734,-0.8149,,8,6,0.9734,1.0,390.95,391.31,6,47,1.00E+154,2,0,2,0,0,25,6,00:00:00.030,1398.34592628479,-0.8149295735,680.5705502,1,1,95
traffic_intersection,4,361,100.0,3,1083,2.1246,-146.4377,,1,1,-72.0642,0.5006,0.19,2.55,1,1,4500,186,27,159,44,2,32,12,00:00:00.017,14.133070468902588,-72.06684736,-72.06683506,1,1,10
traffic_intersection,4,361,100.0,3,1083,2.1246,-146.4377,,2,2,-0.2174,0.9842,42.72,50.5,2,3,1.00E+10,3778,727,3051,792,6,32,12,00:00:00.017,115.613853931427,-0.2174012459,-0.2171856875,2,3,110
traffic_intersection,4,361,100.0,3,1083,2.1246,-146.4377,,3,3,0.7606,0.9908,133.82,1200.08,3,6,1.00E+22,76162,20742,55420,10586,0,32,12,00:00:00.017,1200.6088004112244,1.004787754,2.124601687,3,7,943
traffic_intersection,4,361,100.0,3,1083,2.1246,-146.4377,,4,4,2.1137,0.9999,242.84,1200.11,4,9,1.00E+48,31854,9935,21919,2957,0,32,12,00:00:00.017,1200.8367295265198,2.114659582,2.124605577,4,11,1184
traffic_intersection,4,361,100.0,3,1083,2.1246,-146.4377,,5,5,2.1174,1.0,325.95,1200.12,5,11,1.00E+98,16329,5073,11256,1281,0,32,12,00:00:00.017,1201.345104455948,2.122951497,2.12459604,5,18,1189
traffic_intersection,4,361,100.0,3,1083,2.1246,-146.4377,,6,6,2.1181,1.0,353.9,1200.24,6,12,1.00E+200,7620,2506,5114,441,0,32,12,00:00:00.017,1202.4605555534365,2.120642847,2.124566698,6,32,1193
traffic_intersection,4,361,100.0,3,1083,2.1246,-146.4377,,7,7,2.1183,1.0,398.98,1200.36,7,14,1e403,4402,1546,2856,141,0,32,12,00:00:00.017,1204.8075761795044,2.117806239,2.124552205,7,21,1172
traffic_intersection,4,361,100.0,3,1083,2.1246,-146.4377,,8,6,2.1245,1.0,332.92,333.08,6,37,1.00E+200,603,109,494,138,0,32,12,00:00:00.017,1209.8081319332125,1.913543132,2.124569883,7,42,11
consensus-3-32,5,6161,99.89,14,86254,0.0944,0.0935,,1,1,0.0938,0.3731,342.5,1200.2,1,1,1.00E+06,2446,12,2434,953,1,383,26,00:00:00.620,1212.6434199810028,0.04847441557,0.09439407263,1,1,38
consensus-3-32,5,6161,99.89,14,86254,0.0944,0.0935,,2,2,0.0941,0.6628,760.66,1200.57,2,3,1.00E+16,1960,197,1763,544,3,383,26,00:00:00.620,1217.2974691390991,0.04847441915,0.09439407263,2,3,988
consensus-3-32,5,6161,99.89,14,86254,0.0944,0.0935,,3,3,0.0939,0.4557,321.58,1202.52,2,3,1.00E+36,1040,62,978,334,0,383,26,00:00:00.620,1226.946496009827,0.04860406152,0.09439405826,3,5,1182
consensus-3-32,5,6161,99.89,14,86254,0.0944,0.0935,,4,4,0.0939,0.4557,271.1,1200.13,2,3,1.00E+77,1039,101,938,278,0,383,26,00:00:00.620,1248.54701089859,0.04858577629,0.0943940726,2,2,977
consensus-3-32,5,6161,99.89,14,86254,0.0944,0.0935,,5,5,0.0939,0.4557,240.39,1200.9,2,3,1.00E+158,656,130,526,161,0,383,26,00:00:00.620,1294.047967672348,0.04847441557,0.09439407264,3,3,437
consensus-3-32,5,6161,99.89,14,86254,0.0944,0.0935,,6,6,0.0939,0.4653,367.08,1201.63,4,7,1e321,579,62,517,178,0,383,26,00:00:00.620,1394.9030013084412,0.04847441557,0.09439405401,0,0,827
consensus-3-32,5,6161,99.89,14,86254,0.0944,0.0935,,7,5,0.0943,0.9336,402.49,457.58,4,10,1.00E+158,153,61,92,11,1,383,26,00:00:00.620,1589.2808616161346,0.04842000175,392.0392039,1,1,283
consensus-3-32,5,6161,99.89,14,86254,0.0944,0.0935,,8,5,0.0943,0.9336,359.11,403.41,4,10,1.00E+158,130,53,77,11,1,383,26,00:00:00.620,2019.5846908092497,0.04842000175,392.0392039,1,1,551
csma-2-4,11,7959,99.99,17,135303,0.3919,0.3852,,1,1,0.3901,0.7298,6.27,40.48,1,1,1.00E+12,413,39,374,107,1,40,12,00:00:00.157,1220.7171788215635,0.3882811995,39.19103308,1,1,673
csma-2-4,11,7959,99.99,17,135303,0.3919,0.3852,,2,2,0.3919,1.0,72.75,79.98,2,3,1.00E+35,147,25,122,30,1,40,12,00:00:00.157,1171.3637161254885,0.3919103307,39.19103308,2,3,1144
csma-2-4,11,7959,99.99,17,135303,0.3919,0.3852,,3,2,0.3919,1.0,73.24,80.49,2,3,1.00E+35,147,25,122,30,1,40,12,00:00:00.157,1238.185537815094,0.3851938947,39.19103308,3,5,699
csma-2-4,11,7959,99.99,17,135303,0.3919,0.3852,,4,2,0.3919,1.0,75.04,82.43,2,3,1.00E+35,147,25,122,30,1,40,12,00:00:00.157,1265.5667879581451,0.3900957651,39.19103308,4,9,1057
csma-2-4,11,7959,99.99,17,135303,0.3919,0.3852,,5,2,0.3919,1.0,73.94,81.24,2,3,1.00E+35,147,25,122,30,1,40,12,00:00:00.157,1323.4851808547974,0.3851938948,39.19103308,5,5,81
csma-2-4,11,7959,99.99,17,135303,0.3919,0.3852,,6,2,0.3919,1.0,74.86,82.38,2,3,1.00E+35,147,25,122,30,1,40,12,00:00:00.157,1449.4575443267822,0.3882811995,39.19103308,6,28,1150
csma-2-4,11,7959,99.99,17,135303,0.3919,0.3852,,7,2,0.3919,1.0,73.06,80.32,2,3,1.00E+35,147,25,122,30,1,40,12,00:00:00.157,1723.6680991649628,0.3882811995,39.19103308,7,13,1037
csma-2-4,11,7959,99.99,17,135303,0.3919,0.3852,,8,2,0.3919,1.0,75.58,83.05,2,3,1.00E+35,147,25,122,30,1,40,12,00:00:00.157,2295.3771641254425,0.3821206311,2143.434343,0,0,853
firewire-3,10,4094,99.98,14,57316,-70.0449,-76.3381,,1,1,-70.5254,0.9237,21.11,121.72,1,1,1.00E+12,3667,196,3471,1107,7,18,10,00:00:00.129,1207.514592885971,-70.52541927,-70.0449471,1,1,985
firewire-3,10,4094,99.98,14,57316,-70.0449,-76.3381,,2,2,-70.3507,0.9514,149.44,1200.05,2,3,1.00E+36,16508,3720,12788,2227,3,18,10,00:00:00.129,1211.5550212860107,-73.36539831,-70.0449471,2,3,1194
firewire-3,10,4094,99.98,14,57316,-70.0449,-76.3381,,3,3,-70.1466,0.9838,706.21,1200.07,3,6,1.00E+83,7827,2158,5669,752,2,18,10,00:00:00.129,1220.1443791389463,-73.2536211,-70.0449471,3,5,1171
firewire-3,10,4094,99.98,14,57316,-70.0449,-76.3381,,4,4,-70.2747,0.9635,522.41,1200.27,4,11,1.00E+177,2888,617,2271,435,0,18,10,00:00:00.129,1237.8298108577728,-70.30584036,-70.0449471,4,11,972
firewire-3,10,4094,99.98,14,57316,-70.0449,-76.3381,,5,5,-70.0988,0.9914,558.25,1200.44,5,14,1e365,1993,375,1618,373,0,18,10,00:00:00.129,1275.1807610988617,-76.21476983,-70.0449471,5,15,1189
firewire-3,10,4094,99.98,14,57316,-70.0449,-76.3381,,6,5,-70.0988,0.9914,478.22,516.98,5,14,1e365,246,68,178,33,0,18,10,00:00:00.129,1352.5949075222015,-75.53722803,-70.0449471,6,34,1095
firewire-3,10,4094,99.98,14,57316,-70.0449,-76.3381,,7,5,-70.0988,0.9914,421.55,445.71,5,14,1e365,205,61,144,25,0,18,10,00:00:00.129,1518.6629054546356,-75.3432052,-70.0449471,7,26,979
firewire-3,10,4094,99.98,14,57316,-70.0449,-76.3381,,8,5,-70.0988,0.9914,385.36,392.93,5,14,1e365,150,47,103,23,0,18,10,00:00:00.129,1869.054205656052,-78.25816153,-70.0449471,0,0,586
philosophers-4,4,3193,99.97,53,169229,0.9606,0.8803,,1,1,0.8987,0.2285,34.54,481.87,1,1,1.00E+07,13131,358,12773,4158,7,6,3,00:00:00.002,1223.0485169887545,0.8803487595,95.16356532,0,0,1007
philosophers-4,4,3193,99.97,53,169229,0.9606,0.8803,,2,2,0.8987,0.2285,35.42,1200.12,1,1,1.00E+19,17747,468,17279,5684,0,6,3,00:00:00.002,1228.702462434769,0.8845266926,94.62307437,2,3,635
philosophers-4,4,3193,99.97,53,169229,0.9606,0.8803,,3,3,0.9074,0.3371,1112.22,1200.2,3,4,1.00E+43,9947,623,9324,2953,8,6,3,00:00:00.002,1241.7638037204742,0.8860549042,94.86579511,3,5,1165
philosophers-4,4,3193,99.97,53,169229,0.9606,0.8803,,4,4,0.9073,0.3365,1162.26,1200.38,4,8,1.00E+90,2657,248,2409,740,13,6,3,00:00:00.002,1296.491586685181,0.8803487595,95.16356532,0,0,30
philosophers-4,4,3193,99.97,53,169229,0.9606,0.8803,,5,5,0.908,0.345,515.48,1200.23,5,9,1.00E+185,1078,266,812,167,2,6,3,00:00:00.002,1365.762235403061,0.8803487595,2621833.333,0,0,61
philosophers-4,4,3193,99.97,53,169229,0.9606,0.8803,,6,6,0.9176,0.4646,563.7,1204.69,6,14,1e375,293,88,205,45,3,6,3,00:00:00.002,1495.8941760063171,0.8803487595,2621833.333,0,0,117
philosophers-4,4,3193,99.97,53,169229,0.9606,0.8803,,7,7,0.9176,0.4646,494.49,1201.87,6,14,1e755,252,61,191,51,0,6,3,00:00:00.002,1732.5311450958252,0.880281614,2621833.333,0,0,245
philosophers-4,4,3193,99.97,53,169229,0.9606,0.8803,,8,8,0.9176,0.4646,439.47,1208.2,6,14,1e755,40,16,24,12,0,6,3,00:00:00.002,2341.1497373580933,0.880281614,2621833.333,0,0,522
pnueli-zuck-3,3,1950,99.95,63,122850,0.9606,0.649,,1,1,0.8442,0.6266,64.87,85.06,1,1,1.00E+07,2293,77,2216,724,7,4,3,00:00:00.004,1214.8819081783297,0.7421538183,0.9574257229,0,0,1082
pnueli-zuck-3,3,1950,99.95,63,122850,0.9606,0.649,,2,2,0.9606,1.0,136.65,220.83,2,3,1.00E+18,3225,1133,2092,116,2,4,3,00:00:00.004,1219.0719468593595,0.6019315814,0.96059601,2,2,400
pnueli-zuck-3,3,1950,99.95,63,122850,0.9606,0.649,,3,2,0.9606,1.0,137.05,221.54,2,3,1.00E+18,3225,1133,2092,116,2,4,3,00:00:00.004,1227.8286101818085,0.6529678721,0.96059601,3,3,399
pnueli-zuck-3,3,1950,99.95,63,122850,0.9606,0.649,,4,2,0.9606,1.0,137.09,221.55,2,3,1.00E+18,3225,1133,2092,116,2,4,3,00:00:00.004,1248.070315361023,0.6555683396,0.96059601,3,4,877
pnueli-zuck-3,3,1950,99.95,63,122850,0.9606,0.649,,5,2,0.9606,1.0,137.33,205.34,2,3,1.00E+18,2826,975,1851,116,2,4,3,00:00:00.004,1290.4833800792694,0.6561750612,0.96059601,5,6,527
pnueli-zuck-3,3,1950,99.95,63,122850,0.9606,0.649,,6,2,0.9606,1.0,138.05,185.97,2,3,1.00E+18,2343,783,1560,116,2,4,3,00:00:00.004,1385.8179099559784,0.6529678721,0.96059601,0,0,90
pnueli-zuck-3,3,1950,99.95,63,122850,0.9606,0.649,,7,2,0.9606,1.0,137.45,171.27,2,3,1.00E+18,1992,646,1346,116,2,4,3,00:00:00.004,1585.8199229240415,0.6529678721,256581.8182,0,0,177
pnueli-zuck-3,3,1950,99.95,63,122850,0.9606,0.649,,8,2,0.9606,1.0,131.78,154.41,2,3,1.00E+18,1721,539,1182,116,2,4,3,00:00:00.004,2022.5687396526337,0.6529678721,256581.8182,0,0,361
rabin-4,19,10241,99.99,17,174097,0.9606,0.9225,,1,1,0.9411,0.4877,10.95,129.12,1,1,1.00E+08,2340,89,2251,719,3,4,4,00:00:00.003,1232.4404418468475,0.9225187468,96.059601,0,0,759
rabin-4,19,10241,99.99,17,174097,0.9606,0.9225,,2,2,0.9606,1.0,529.63,529.94,2,2,1.00E+24,1923,346,1577,350,5,4,4,00:00:00.003,1570.1640179157257,0.9225187468,1193818.651,0,0,12
rabin-4,19,10241,99.99,17,174097,0.9606,0.9225,,3,3,0.945,0.5914,355.52,1200.42,3,5,1.00E+54,2495,497,1998,408,0,4,4,00:00:00.003,1255.7510871887207,0.9300511035,96.059601,3,5,996
rabin-4,19,10241,99.99,17,174097,0.9606,0.9225,,4,4,0.9427,0.5294,477.47,1201.09,4,7,1.00E+115,1119,402,717,9,1,4,4,00:00:00.003,1285.7272641658783,0.9183048038,96.059601,4,5,775
rabin-4,19,10241,99.99,17,174097,0.9606,0.9225,,5,5,0.9456,0.6064,623.65,1200.49,4,9,1.00E+236,211,68,143,15,1,4,4,00:00:00.003,1685.248485326767,0.9225187468,1195801.01,0,0,92
rabin-4,19,10241,99.99,17,174097,0.9606,0.9225,,6,6,0.9469,0.6402,733.29,1200.45,5,14,1e480,218,16,202,70,1,4,4,00:00:00.003,1843.4692659378047,0.9225187468,1195801.01,0,0,208
rabin-4,19,10241,99.99,17,174097,0.9606,0.9225,,7,7,0.9606,1.0,894.04,894.78,7,13,1e966,2,0,2,0,0,4,4,00:00:00.003,2158.678960084915,0.9225187468,1195801.01,0,0,440
rabin-4,19,10241,99.99,17,174097,0.9606,0.9225,,8,6,0.9606,1.0,538.91,539.35,5,14,1e480,2,0,2,0,0,4,4,00:00:00.003,2863.46382856369,0.9225187468,1195801.01,0,0,950
resource-gathering-5,7,3292,99.97,5,16460,-47.7105,-99.877,,1,1,-95.1392,0.0908,0.63,3.21,1,1,70000,286,33,253,72,3,7,5,00:00:00.007,488.5817766189575,-95.14077447,-95.13990467,1,1,388
resource-gathering-5,7,3292,99.97,5,16460,-47.7105,-99.877,,2,2,-53.9064,0.8812,48.73,89.66,2,3,1.00E+13,8881,1739,7142,1583,4,7,5,00:00:00.007,1202.8207824230194,-85.39771385,-47.71054798,2,3,1012
resource-gathering-5,7,3292,99.97,5,16460,-47.7105,-99.877,,3,3,-47.7105,1.0,92.38,92.83,3,5,1.00E+29,36,11,25,1,0,7,5,00:00:00.007,1204.256369829178,-98.95618657,-47.71054798,3,4,1161
resource-gathering-5,7,3292,99.97,5,16460,-47.7105,-99.877,,4,3,-47.7105,1.0,95.0,95.48,3,5,1.00E+29,36,11,25,1,0,7,5,00:00:00.007,1207.877922296524,-87.69873852,-47.71054798,4,11,923
resource-gathering-5,7,3292,99.97,5,16460,-47.7105,-99.877,,5,3,-47.7105,1.0,98.65,99.15,3,5,1.00E+29,36,11,25,1,0,7,5,00:00:00.007,1215.345344543457,-91.57244946,-47.71054798,5,19,743
resource-gathering-5,7,3292,99.97,5,16460,-47.7105,-99.877,,6,3,-47.7105,1.0,91.23,91.69,3,5,1.00E+29,36,11,25,1,0,7,5,00:00:00.007,1230.4043312072754,-96.76637361,-47.71054798,6,25,1075
resource-gathering-5,7,3292,99.97,5,16460,-47.7105,-99.877,,7,3,-47.7105,1.0,90.19,90.63,3,5,1.00E+29,36,11,25,1,0,7,5,00:00:00.007,1264.5883054733276,-99.91144305,-47.71054798,4,7,998
resource-gathering-5,7,3292,99.97,5,16460,-47.7105,-99.877,,8,3,-47.7105,1.0,79.56,80.01,3,5,1.00E+29,36,11,25,1,0,7,5,00:00:00.007,1336.2127764225006,-99.99999948,-47.71054798,1,1,92
wlan-1-2,11,3127,99.9,34,106318,0.1083,0.0273,,1,1,0.0453,0.2228,6.65,110.15,1,1,1.00E+11,2884,119,2765,905,6,68,11,00:00:00.107,1210.8890874385834,0.0395490006,0.1082709837,1,1,639
wlan-1-2,11,3127,99.9,34,106318,0.1083,0.0273,,2,2,0.0612,0.4188,203.36,1200.09,2,3,1.00E+31,20787,1233,19554,6023,11,68,11,00:00:00.107,1215.0410749912262,0.04457627434,0.1082709837,2,2,672
wlan-1-2,11,3127,99.9,34,106318,0.1083,0.0273,,3,3,0.0747,0.5852,1032.51,1200.08,3,6,1.00E+70,5589,1050,4539,1031,12,68,11,00:00:00.107,1223.72483253479,0.04201439747,0.1082709837,3,6,1109
wlan-1-2,11,3127,99.9,34,106318,0.1083,0.0273,,4,4,0.0747,0.5852,1097.8,1200.1,4,8,1.00E+150,4998,380,4618,1446,1,68,11,00:00:00.107,1242.769270181656,0.03817348012,0.1082709837,0,0,26
wlan-1-2,11,3127,99.9,34,106318,0.1083,0.0273,,5,5,0.0708,0.5378,536.66,1203.08,5,19,1.00E+308,466,178,288,10,2,68,11,00:00:00.107,1282.0655653476715,0.0382994155,0.1082709837,5,23,1120
wlan-1-2,11,3127,99.9,34,106318,0.1083,0.0273,,6,6,0.0747,0.5853,692.65,1209.81,6,22,1e625,83,38,45,10,2,68,11,00:00:00.107,1369.6521983146667,0.02738726995,0.1082709837,3,3,1000
wlan-1-2,11,3127,99.9,34,106318,0.1083,0.0273,,7,7,0.0747,0.5852,646.86,1206.32,6,22,1e1260,148,56,92,8,1,68,11,00:00:00.107,1553.2592480182648,0.02730039611,3503.030303,7,7,253
wlan-1-2,11,3127,99.9,34,106318,0.1083,0.0273,,8,8,0.0754,0.5945,860.69,1209.5,7,28,1e1260,51,22,29,8,1,68,11,00:00:00.107,1962.8700246810915,0.02730039611,3503.030303,0,0,538
