model,vars,S,rel(S),Act,choices,*-opt,random,,max_depth,depth,best,best relative,time (best),time (all),tree depth,tree nodes,|M|,F,Fs=,F?,H?,H+
maze-7,9,2039,100.00,5,10195,5.1796,1.2183,,1,1,1.9469,0.1839,3.66,8.17,1,1,18900,275,19,256,85,6
maze-7,9,2039,100.00,5,10195,5.1796,1.2183,,2,2,3.2506,0.513,11.12,1070.13,2,3,1.00E+11,29556,4589,24967,6426,6
maze-7,9,2039,100.00,5,10195,5.1796,1.2183,,3,3,3.9167,0.6812,814.46,1200.18,3,7,1.00E+25,17425,2510,14915,3516,10
maze-7,9,2039,100.00,5,10195,5.1796,1.2183,,4,4,4.0824,0.723,382.05,1200.25,4,6,1.00E+54,6282,1375,4907,928,7
maze-7,9,2039,100.00,5,10195,5.1796,1.2183,,5,5,4.1511,0.7404,745.91,1200.62,5,8,1.00E+111,1929,341,1588,411,6
maze-7,9,2039,100.00,5,10195,5.1796,1.2183,,6,6,4.2316,0.7607,1099.08,1201.02,6,12,1.00E+226,645,167,478,74,7
maze-7,9,2039,100.00,5,10195,5.1796,1.2183,,7,7,4.1621,0.7431,904.97,1203.51,7,14,1e455,293,116,177,24,3
maze-7,9,2039,100.00,5,10195,5.1796,1.2183,,8,8,4.1366,0.7367,298.61,1204.8,5,7,1e912,168,72,96,21,0
maze-steps,5,198,99.49,5,990,-17.1595,-74.9548,,1,1,-63.2248,0.203,0.32,0.95,1,1,4375,336,33,303,94,4
maze-steps,5,198,99.49,5,990,-17.1595,-74.9548,,2,2,-24.5559,0.872,1.12,19.58,2,3,1.00E+09,4635,1042,3593,732,5
maze-steps,5,198,99.49,5,990,-17.1595,-74.9548,,3,3,-19.9697,0.9514,272.7,1200.05,3,7,1.00E+21,164465,42068,122397,20166,13
maze-steps,5,198,99.49,5,990,-17.1595,-74.9548,,4,4,-19.6757,0.9565,389.12,1200.08,4,10,1.00E+44,61609,17740,43869,4870,3
maze-steps,5,198,99.49,5,990,-17.1595,-74.9548,,5,5,-18.418,0.9782,360.41,1200.08,5,14,1.00E+91,28474,8909,19565,1433,4
maze-steps,5,198,99.49,5,990,-17.1595,-74.9548,,6,6,-18.4145,0.9783,603.36,1200.14,6,16,1.00E+186,12556,3523,9033,977,2
maze-steps,5,198,99.49,5,990,-17.1595,-74.9548,,7,7,-18.4145,0.9783,503.32,1200.1,6,18,1e374,5915,1773,4142,331,0
maze-steps,5,198,99.49,5,990,-17.1595,-74.9548,,8,8,-18.3671,0.9791,1155.28,1200.75,7,36,1e750,2322,836,1486,24,4
omdt-3d_navigation,3,125,100.00,7,875,0.3518,0,,1,1,0,0,0.02,0.34,0,0,9408,180,20,160,44,0
omdt-3d_navigation,3,125,100.00,7,875,0.3518,0,,2,2,0.0207,0.0587,38.28,77.54,2,3,1.00E+10,30651,5130,25521,6756,5
omdt-3d_navigation,3,125,100.00,7,875,0.3518,0,,3,3,0.3518,1,87.21,87.26,3,7,1.00E+22,2604,543,2061,424,0
omdt-3d_navigation,3,125,100.00,7,875,0.3518,0,,4,3,0.3518,1,87.15,87.21,3,7,1.00E+22,2604,543,2061,424,0
omdt-3d_navigation,3,125,100.00,7,875,0.3518,0,,5,3,0.3518,1,86.95,87.01,3,7,1.00E+22,2604,543,2061,424,0
omdt-3d_navigation,3,125,100.00,7,875,0.3518,0,,6,3,0.3518,1,86.83,86.88,3,7,1.00E+22,2604,543,2061,424,0
omdt-3d_navigation,3,125,100.00,7,875,0.3518,0,,7,3,0.3518,1,86.68,86.73,3,7,1.00E+22,2604,543,2061,424,0
omdt-3d_navigation,3,125,100.00,7,875,0.3518,0,,8,3,0.3518,1,84.77,84.82,3,7,1.00E+22,2604,543,2061,424,0
omdt-blackjack,3,533,100.00,3,1599,-2.1732,-11.732,,1,1,-2.3526,0.9812,0.16,0.83,1,1,10773,116,29,87,16,1
omdt-blackjack,3,533,100.00,3,1599,-2.1732,-11.732,,2,2,-2.2053,0.9966,23.91,38.16,2,3,1.00E+11,3040,947,2093,292,1
omdt-blackjack,3,533,100.00,3,1599,-2.1732,-11.732,,3,3,-2.2053,0.9966,23.94,1200.07,2,3,1.00E+25,61187,22176,39011,3432,0
omdt-blackjack,3,533,100.00,3,1599,-2.1732,-11.732,,4,4,-2.1732,1,196.06,237.87,4,9,1.00E+53,1162,450,712,12,0
omdt-blackjack,3,533,100.00,3,1599,-2.1732,-11.732,,5,4,-2.1732,1,165.79,208.61,4,9,1.00E+53,1162,450,712,12,0
omdt-blackjack,3,533,100.00,3,1599,-2.1732,-11.732,,6,4,-2.1732,1,146.73,189.9,4,9,1.00E+53,1162,450,712,12,0
omdt-blackjack,3,533,100.00,3,1599,-2.1732,-11.732,,7,4,-2.1732,1,131.29,173.86,4,9,1.00E+53,1162,450,712,12,0
omdt-blackjack,3,533,100.00,3,1599,-2.1732,-11.732,,8,4,-2.1732,1,120.57,163,4,9,1.00E+53,1162,450,712,12,0
omdt-frozenlake_4x4,2,16,68.75,5,80,0.542,0.0124,,1,1,0.1104,0.1851,0.08,0.2,1,1,450,159,20,139,42,2
omdt-frozenlake_4x4,2,16,68.75,5,80,0.542,0.0124,,2,2,0.3652,0.6661,0.42,0.48,2,3,1.00E+06,207,64,143,17,0
omdt-frozenlake_4x4,2,16,68.75,5,80,0.542,0.0124,,3,3,0.5201,0.9586,0.56,186.88,3,5,1.00E+14,82945,33634,49311,505,0
omdt-frozenlake_4x4,2,16,68.75,5,80,0.542,0.0124,,4,4,0.542,1,150.47,150.53,4,7,1.00E+30,2,0,2,0,0
omdt-frozenlake_4x4,2,16,68.75,5,80,0.542,0.0124,,5,4,0.542,1,120.47,120.52,4,7,1.00E+30,2,0,2,0,0
omdt-frozenlake_4x4,2,16,68.75,5,80,0.542,0.0124,,6,4,0.542,1,100.47,100.52,4,7,1.00E+30,2,0,2,0,0
omdt-frozenlake_4x4,2,16,68.75,5,80,0.542,0.0124,,7,4,0.542,1,86.18,86.24,4,7,1.00E+30,2,0,2,0,0
omdt-frozenlake_4x4,2,16,68.75,5,80,0.542,0.0124,,8,4,0.542,1,75.47,75.52,4,7,1.00E+30,2,0,2,0,0
omdt-frozenlake_8x8,2,64,82.81,5,320,0.4146,0.0011,,1,1,0.3069,0.7394,0.04,0.17,1,1,2450,86,11,75,24,5
omdt-frozenlake_8x8,2,64,82.81,5,320,0.4146,0.0011,,2,2,0.387,0.9332,0.94,2.64,2,3,1.00E+08,1130,303,827,182,2
omdt-frozenlake_8x8,2,64,82.81,5,320,0.4146,0.0011,,3,3,0.3918,0.9447,904.19,1200.05,3,6,1.00E+19,337112,110117,226995,40380,3
omdt-frozenlake_8x8,2,64,82.81,5,320,0.4146,0.0011,,4,4,0.3959,0.9546,153.24,1200.07,4,8,1.00E+41,161805,57871,103934,9236,0
omdt-frozenlake_8x8,2,64,82.81,5,320,0.4146,0.0011,,5,5,0.3969,0.9572,244.18,1200.07,5,10,1.00E+84,74322,27180,47142,4553,0
omdt-frozenlake_8x8,2,64,82.81,5,320,0.4146,0.0011,,6,6,0.4146,1,958.05,958.19,6,31,1.00E+170,32619,10692,21927,2151,0
omdt-frozenlake_8x8,2,64,82.81,5,320,0.4146,0.0011,,7,7,0.4146,1,499.37,499.48,7,30,1e342,3143,1012,2131,216,0
omdt-frozenlake_8x8,2,64,82.81,5,320,0.4146,0.0011,,8,8,0.4146,1,387.7,387.83,7,30,1e686,101,34,67,5,0
omdt-frozenlake_12x12,2,144,87.50,5,720,0.3487,0.0002,,1,1,0.0207,0.0588,0.61,1.26,1,1,6050,623,48,575,209,8
omdt-frozenlake_12x12,2,144,87.50,5,720,0.3487,0.0002,,2,2,0.1177,0.3371,18.36,79.16,2,3,1.00E+09,26567,4629,21938,6178,6
omdt-frozenlake_12x12,2,144,87.50,5,720,0.3487,0.0002,,3,3,0.131,0.3753,214.06,1200.06,3,7,1.00E+22,185075,51795,133280,23258,1
omdt-frozenlake_12x12,2,144,87.50,5,720,0.3487,0.0002,,4,4,0.201,0.5763,804.22,1200.08,4,13,1.00E+46,96621,29333,67288,9021,2
omdt-frozenlake_12x12,2,144,87.50,5,720,0.3487,0.0002,,5,5,0.284,0.8142,326.21,1200.1,5,14,1.00E+96,41069,14771,26298,2251,0
omdt-frozenlake_12x12,2,144,87.50,5,720,0.3487,0.0002,,6,6,0.3049,0.8742,1150.44,1200.21,6,25,1.00E+194,15419,5491,9928,940,3
omdt-frozenlake_12x12,2,144,87.50,5,720,0.3487,0.0002,,7,7,0.3005,0.8615,520.89,1200.14,6,20,1e392,14128,4832,9296,746,0
omdt-frozenlake_12x12,2,144,87.50,5,720,0.3487,0.0002,,8,8,0.3046,0.8736,932.43,1200.21,6,26,1e786,5709,1893,3816,372,0
omdt-inventory_management,1,101,100.00,101,10201,967.8227,-960.241,,1,1,955.2716,0.9935,3.99,7.26,1,1,1.00E+06,22,3,19,4,2
omdt-inventory_management,1,101,100.00,101,10201,967.8227,-960.241,,2,2,966.0764,0.9991,25.57,58.36,2,3,1.00E+14,232,59,173,28,0
omdt-inventory_management,1,101,100.00,101,10201,967.8227,-960.241,,3,3,967.7712,1,744.73,745.14,3,7,1.00E+30,3041,1197,1844,8,0
omdt-inventory_management,1,101,100.00,101,10201,967.8227,-960.241,,4,3,967.6131,0.9999,62.84,208.69,3,6,1.00E+30,676,268,408,6,0
omdt-inventory_management,1,101,100.00,101,10201,967.8227,-960.241,,5,3,967.6131,0.9999,62.8,178.67,3,6,1.00E+30,544,216,328,5,0
omdt-inventory_management,1,101,100.00,101,10201,967.8227,-960.241,,6,3,967.6131,0.9999,62.77,158.56,3,6,1.00E+30,455,180,275,5,0
omdt-inventory_management,1,101,100.00,101,10201,967.8227,-960.241,,7,3,967.6131,0.9999,62.86,144.34,3,6,1.00E+30,388,151,237,5,0
omdt-inventory_management,1,101,100.00,101,10201,967.8227,-960.241,,8,3,967.6131,0.9999,62.78,133.78,3,6,1.00E+30,341,132,209,5,0
omdt-system_administrator_1,8,256,100.00,10,2560,223.9561,98.8933,,1,1,203.4027,0.8357,0.32,5.17,0,0,800,112,8,104,29,0
omdt-system_administrator_1,8,256,100.00,10,2560,223.9561,98.8933,,2,2,209.9347,0.8879,66.39,849.59,2,2,1.00E+06,19848,1070,18778,5761,4
omdt-system_administrator_1,8,256,100.00,10,2560,223.9561,98.8933,,3,3,210.4755,0.8922,538.79,1200.06,3,3,1.00E+14,23420,1002,22418,6984,2
omdt-system_administrator_1,8,256,100.00,10,2560,223.9561,98.8933,,4,4,212.8986,0.9116,620.09,1200.1,4,8,1.00E+29,21014,3652,17362,3522,4
omdt-system_administrator_1,8,256,100.00,10,2560,223.9561,98.8933,,5,5,212.5772,0.909,308.11,1200.16,4,7,1.00E+59,11181,1424,9757,2368,0
omdt-system_administrator_1,8,256,100.00,10,2560,223.9561,98.8933,,6,6,212.5772,0.909,268.66,1200.28,4,7,1.00E+120,6336,1827,4509,353,0
omdt-system_administrator_1,8,256,100.00,10,2560,223.9561,98.8933,,7,7,212.5772,0.909,241.28,1200.11,4,7,1.00E+242,3579,1092,2487,144,0
omdt-system_administrator_1,8,256,100.00,10,2560,223.9561,98.8933,,8,8,213.6558,0.9176,1095.16,1201.5,8,49,1e486,541,167,374,33,1
omdt-system_administrator_2,8,256,100.00,10,2560,241.1455,111.6115,,1,1,146.6464,0.2705,4.91,16.97,1,1,800,236,6,230,74,3
omdt-system_administrator_2,8,256,100.00,10,2560,241.1455,111.6115,,2,2,182.81,0.5497,428,1200.1,2,2,1.00E+06,25771,717,25054,8319,5
omdt-system_administrator_2,8,256,100.00,10,2560,241.1455,111.6115,,3,3,176.4251,0.5004,670.98,1200.09,3,5,1.00E+14,23838,678,23160,7336,4
omdt-system_administrator_2,8,256,100.00,10,2560,241.1455,111.6115,,4,4,176.0062,0.4971,183.72,1200.09,3,5,1.00E+29,17414,992,16422,4877,0
omdt-system_administrator_2,8,256,100.00,10,2560,241.1455,111.6115,,5,5,176.0062,0.4971,153.84,1200.1,3,5,1.00E+59,9385,606,8779,3182,0
omdt-system_administrator_2,8,256,100.00,10,2560,241.1455,111.6115,,6,6,176.0062,0.4971,133.67,1200.06,3,5,1.00E+120,6402,334,6068,1861,0
omdt-system_administrator_2,8,256,100.00,10,2560,241.1455,111.6115,,7,7,176.0062,0.4971,119.55,1200.69,3,5,1.00E+242,2837,607,2230,390,0
omdt-system_administrator_2,8,256,100.00,10,2560,241.1455,111.6115,,8,8,180.8032,0.5342,638.76,1200.74,8,42,1e486,1665,468,1197,128,0
omdt-system_administrator_tree,7,128,100.00,9,1152,557.693,332.2623,,1,1,377.9102,0.2025,0.57,4.58,1,1,567,479,12,467,147,1
omdt-system_administrator_tree,7,128,100.00,9,1152,557.693,332.2623,,2,2,438.9329,0.4732,58.89,784.99,2,3,1.00E+06,80570,6250,74320,20606,0
omdt-system_administrator_tree,7,128,100.00,9,1152,557.693,332.2623,,3,3,461.7553,0.5744,335.71,1200.08,3,5,1.00E+13,69762,8578,61184,14683,0
omdt-system_administrator_tree,7,128,100.00,9,1152,557.693,332.2623,,4,4,494.2814,0.7187,1044.81,1200.1,4,8,1.00E+27,39150,1593,37557,11461,1
omdt-system_administrator_tree,7,128,100.00,9,1152,557.693,332.2623,,5,5,524.7605,0.8539,1093.55,1200.2,5,17,1.00E+56,16080,1502,14578,3862,4
omdt-system_administrator_tree,7,128,100.00,9,1152,557.693,332.2623,,6,6,512.6239,0.8001,1114.39,1200.26,6,22,1.00E+114,9664,2275,7389,952,2
omdt-system_administrator_tree,7,128,100.00,9,1152,557.693,332.2623,,7,7,557.693,1,558.42,558.63,7,31,1.00E+229,725,163,562,78,0
omdt-system_administrator_tree,7,128,100.00,9,1152,557.693,332.2623,,8,8,557.693,1,504.19,504.4,7,23,1e459,116,31,85,7,0
omdt-tictactoe_vs_random,27,2424,99.96,10,24240,0.9734,-0.8149,,1,1,-0.7553,0.0333,3.61,31.67,1,1,2700,2855,71,2784,890,1
omdt-tictactoe_vs_random,27,2424,99.96,10,24240,0.9734,-0.8149,,2,2,0.287,0.6162,81.51,1200.06,2,3,1.00E+08,88659,4405,84254,25165,4
omdt-tictactoe_vs_random,27,2424,99.96,10,24240,0.9734,-0.8149,,3,3,0.3547,0.654,1133.85,1200.07,3,6,1.00E+18,35355,687,34668,11104,0
omdt-tictactoe_vs_random,27,2424,99.96,10,24240,0.9734,-0.8149,,4,4,0.287,0.6162,84.04,1200.06,2,3,1.00E+37,16341,4547,11794,913,0
omdt-tictactoe_vs_random,27,2424,99.96,10,24240,0.9734,-0.8149,,5,5,0.287,0.6162,81.46,1200.45,2,3,1.00E+76,3985,167,3818,1180,0
omdt-tictactoe_vs_random,27,2424,99.96,10,24240,0.9734,-0.8149,,6,6,0.9734,1,480.45,480.8,6,47,1.00E+154,2,0,2,0,0
omdt-tictactoe_vs_random,27,2424,99.96,10,24240,0.9734,-0.8149,,7,6,0.9734,1,423.16,423.52,6,47,1.00E+154,2,0,2,0,0
omdt-tictactoe_vs_random,27,2424,99.96,10,24240,0.9734,-0.8149,,8,6,0.9734,1,390.95,391.31,6,47,1.00E+154,2,0,2,0,0
omdt-traffic_intersection,4,361,100.00,3,1083,2.1246,-146.4377,,1,1,-72.0642,0.5006,0.19,2.55,1,1,4500,186,27,159,44,2
omdt-traffic_intersection,4,361,100.00,3,1083,2.1246,-146.4377,,2,2,-0.2174,0.9842,42.72,50.5,2,3,1.00E+10,3778,727,3051,792,6
omdt-traffic_intersection,4,361,100.00,3,1083,2.1246,-146.4377,,3,3,0.7606,0.9908,133.82,1200.08,3,6,1.00E+22,76162,20742,55420,10586,0
omdt-traffic_intersection,4,361,100.00,3,1083,2.1246,-146.4377,,4,4,2.1137,0.9999,242.84,1200.11,4,9,1.00E+48,31854,9935,21919,2957,0
omdt-traffic_intersection,4,361,100.00,3,1083,2.1246,-146.4377,,5,5,2.1174,1,325.95,1200.12,5,11,1.00E+98,16329,5073,11256,1281,0
omdt-traffic_intersection,4,361,100.00,3,1083,2.1246,-146.4377,,6,6,2.1181,1,353.9,1200.24,6,12,1.00E+200,7620,2506,5114,441,0
omdt-traffic_intersection,4,361,100.00,3,1083,2.1246,-146.4377,,7,7,2.1183,1,398.98,1200.36,7,14,1e403,4402,1546,2856,141,0
omdt-traffic_intersection,4,361,100.00,3,1083,2.1246,-146.4377,,8,6,2.1245,1,332.92,333.08,6,37,1.00E+200,603,109,494,138,0
qcomp-consensus-3-32,5,6161,99.89,14,86254,0.0944,0.0935,,1,1,0.0938,0.3731,342.5,1200.2,1,1,1.00E+06,2446,12,2434,953,1
qcomp-consensus-3-32,5,6161,99.89,14,86254,0.0944,0.0935,,2,2,0.0941,0.6628,760.66,1200.57,2,3,1.00E+16,1960,197,1763,544,3
qcomp-consensus-3-32,5,6161,99.89,14,86254,0.0944,0.0935,,3,3,0.0939,0.4557,321.58,1202.52,2,3,1.00E+36,1040,62,978,334,0
qcomp-consensus-3-32,5,6161,99.89,14,86254,0.0944,0.0935,,4,4,0.0939,0.4557,271.1,1200.13,2,3,1.00E+77,1039,101,938,278,0
qcomp-consensus-3-32,5,6161,99.89,14,86254,0.0944,0.0935,,5,5,0.0939,0.4557,240.39,1200.9,2,3,1.00E+158,656,130,526,161,0
qcomp-consensus-3-32,5,6161,99.89,14,86254,0.0944,0.0935,,6,6,0.0939,0.4653,367.08,1201.63,4,7,1e321,579,62,517,178,0
qcomp-consensus-3-32,5,6161,99.89,14,86254,0.0944,0.0935,,7,5,0.0943,0.9336,402.49,457.58,4,10,1.00E+158,153,61,92,11,1
qcomp-consensus-3-32,5,6161,99.89,14,86254,0.0944,0.0935,,8,5,0.0943,0.9336,359.11,403.41,4,10,1.00E+158,130,53,77,11,1
qcomp-csma-2-4,11,7959,99.99,17,135303,0.3919,0.3852,,1,1,0.3901,0.7298,6.27,40.48,1,1,1.00E+12,413,39,374,107,1
qcomp-csma-2-4,11,7959,99.99,17,135303,0.3919,0.3852,,2,2,0.3919,1,72.75,79.98,2,3,1.00E+35,147,25,122,30,1
qcomp-csma-2-4,11,7959,99.99,17,135303,0.3919,0.3852,,3,2,0.3919,1,73.24,80.49,2,3,1.00E+35,147,25,122,30,1
qcomp-csma-2-4,11,7959,99.99,17,135303,0.3919,0.3852,,4,2,0.3919,1,75.04,82.43,2,3,1.00E+35,147,25,122,30,1
qcomp-csma-2-4,11,7959,99.99,17,135303,0.3919,0.3852,,5,2,0.3919,1,73.94,81.24,2,3,1.00E+35,147,25,122,30,1
qcomp-csma-2-4,11,7959,99.99,17,135303,0.3919,0.3852,,6,2,0.3919,1,74.86,82.38,2,3,1.00E+35,147,25,122,30,1
qcomp-csma-2-4,11,7959,99.99,17,135303,0.3919,0.3852,,7,2,0.3919,1,73.06,80.32,2,3,1.00E+35,147,25,122,30,1
qcomp-csma-2-4,11,7959,99.99,17,135303,0.3919,0.3852,,8,2,0.3919,1,75.58,83.05,2,3,1.00E+35,147,25,122,30,1
qcomp-firewire-3,10,4094,99.98,14,57316,-70.0449,-76.3381,,1,1,-70.5254,0.9237,21.11,121.72,1,1,1.00E+12,3667,196,3471,1107,7
qcomp-firewire-3,10,4094,99.98,14,57316,-70.0449,-76.3381,,2,2,-70.3507,0.9514,149.44,1200.05,2,3,1.00E+36,16508,3720,12788,2227,3
qcomp-firewire-3,10,4094,99.98,14,57316,-70.0449,-76.3381,,3,3,-70.1466,0.9838,706.21,1200.07,3,6,1.00E+83,7827,2158,5669,752,2
qcomp-firewire-3,10,4094,99.98,14,57316,-70.0449,-76.3381,,4,4,-70.2747,0.9635,522.41,1200.27,4,11,1.00E+177,2888,617,2271,435,0
qcomp-firewire-3,10,4094,99.98,14,57316,-70.0449,-76.3381,,5,5,-70.0988,0.9914,558.25,1200.44,5,14,1e365,1993,375,1618,373,0
qcomp-firewire-3,10,4094,99.98,14,57316,-70.0449,-76.3381,,6,5,-70.0988,0.9914,478.22,516.98,5,14,1e365,246,68,178,33,0
qcomp-firewire-3,10,4094,99.98,14,57316,-70.0449,-76.3381,,7,5,-70.0988,0.9914,421.55,445.71,5,14,1e365,205,61,144,25,0
qcomp-firewire-3,10,4094,99.98,14,57316,-70.0449,-76.3381,,8,5,-70.0988,0.9914,385.36,392.93,5,14,1e365,150,47,103,23,0
qcomp-ij-10,10,1024,99.90,11,11264,0.6554,0.65,,1,1,0.6503,0.0599,0.48,19.92,1,1,1210,2801,0,2801,937,1
qcomp-ij-10,10,1024,99.90,11,11264,0.6554,0.65,,2,2,0.6508,0.1408,113.94,1200.05,2,3,1.00E+07,87788,594,87194,29145,2
qcomp-ij-10,10,1024,99.90,11,11264,0.6554,0.65,,3,3,0.6509,0.1648,287.93,1200.13,3,6,1.00E+15,30788,1312,29476,9126,1
qcomp-ij-10,10,1024,99.90,11,11264,0.6554,0.65,,4,4,0.6512,0.2267,322.52,1200.23,4,10,1.00E+31,12520,618,11902,3599,1
qcomp-ij-10,10,1024,99.90,11,11264,0.6554,0.65,,5,5,0.6512,0.2267,261.5,1200.55,4,10,1.00E+64,4724,813,3911,832,0
qcomp-ij-10,10,1024,99.90,11,11264,0.6554,0.65,,6,6,0.6512,0.2267,221.46,1200.66,4,10,1.00E+129,1861,273,1588,420,0
qcomp-ij-10,10,1024,99.90,11,11264,0.6554,0.65,,7,7,0.6519,0.351,466.81,1201.2,6,32,1.00E+260,801,57,744,249,1
qcomp-ij-10,10,1024,99.90,11,11264,0.6554,0.65,,8,8,0.6519,0.351,413.27,1201.94,6,32,1e521,603,53,550,188,0
qcomp-philosophers-4,4,3193,99.97,53,169229,0.9606,0.8803,,1,1,0.8987,0.2285,34.54,481.87,1,1,1.00E+07,13131,358,12773,4158,7
qcomp-philosophers-4,4,3193,99.97,53,169229,0.9606,0.8803,,2,2,0.8987,0.2285,35.42,1200.12,1,1,1.00E+19,17747,468,17279,5684,0
qcomp-philosophers-4,4,3193,99.97,53,169229,0.9606,0.8803,,3,3,0.9074,0.3371,1112.22,1200.2,3,4,1.00E+43,9947,623,9324,2953,8
qcomp-philosophers-4,4,3193,99.97,53,169229,0.9606,0.8803,,4,4,0.9073,0.3365,1162.26,1200.38,4,8,1.00E+90,2657,248,2409,740,13
qcomp-philosophers-4,4,3193,99.97,53,169229,0.9606,0.8803,,5,5,0.908,0.345,515.48,1200.23,5,9,1.00E+185,1078,266,812,167,2
qcomp-philosophers-4,4,3193,99.97,53,169229,0.9606,0.8803,,6,6,0.9176,0.4646,563.7,1204.69,6,14,1e375,293,88,205,45,3
qcomp-philosophers-4,4,3193,99.97,53,169229,0.9606,0.8803,,7,7,0.9176,0.4646,494.49,1201.87,6,14,1e755,252,61,191,51,0
qcomp-philosophers-4,4,3193,99.97,53,169229,0.9606,0.8803,,8,8,0.9176,0.4646,439.47,1208.2,6,14,1e755,40,16,24,12,0
qcomp-pnueli-zuck-3,3,1950,99.95,63,122850,0.9606,0.649,,1,1,0.8442,0.6266,64.87,85.06,1,1,1.00E+07,2293,77,2216,724,7
qcomp-pnueli-zuck-3,3,1950,99.95,63,122850,0.9606,0.649,,2,2,0.9606,1,136.65,220.83,2,3,1.00E+18,3225,1133,2092,116,2
qcomp-pnueli-zuck-3,3,1950,99.95,63,122850,0.9606,0.649,,3,2,0.9606,1,137.05,221.54,2,3,1.00E+18,3225,1133,2092,116,2
qcomp-pnueli-zuck-3,3,1950,99.95,63,122850,0.9606,0.649,,4,2,0.9606,1,137.09,221.55,2,3,1.00E+18,3225,1133,2092,116,2
qcomp-pnueli-zuck-3,3,1950,99.95,63,122850,0.9606,0.649,,5,2,0.9606,1,137.33,205.34,2,3,1.00E+18,2826,975,1851,116,2
qcomp-pnueli-zuck-3,3,1950,99.95,63,122850,0.9606,0.649,,6,2,0.9606,1,138.05,185.97,2,3,1.00E+18,2343,783,1560,116,2
qcomp-pnueli-zuck-3,3,1950,99.95,63,122850,0.9606,0.649,,7,2,0.9606,1,137.45,171.27,2,3,1.00E+18,1992,646,1346,116,2
qcomp-pnueli-zuck-3,3,1950,99.95,63,122850,0.9606,0.649,,8,2,0.9606,1,131.78,154.41,2,3,1.00E+18,1721,539,1182,116,2
qcomp-rabin-4,19,10241,99.99,17,174097,0.9606,0.9225,,1,1,0.9411,0.4877,10.95,129.12,1,1,1.00E+08,2340,89,2251,719,3
qcomp-rabin-4,19,10241,99.99,17,174097,0.9606,0.9225,,2,2,0.9606,1,529.63,529.94,2,2,1.00E+24,1923,346,1577,350,5
qcomp-rabin-4,19,10241,99.99,17,174097,0.9606,0.9225,,3,3,0.945,0.5914,355.52,1200.42,3,5,1.00E+54,2495,497,1998,408,0
qcomp-rabin-4,19,10241,99.99,17,174097,0.9606,0.9225,,4,4,0.9427,0.5294,477.47,1201.09,4,7,1.00E+115,1119,402,717,9,1
qcomp-rabin-4,19,10241,99.99,17,174097,0.9606,0.9225,,5,5,0.9456,0.6064,623.65,1200.49,4,9,1.00E+236,211,68,143,15,1
qcomp-rabin-4,19,10241,99.99,17,174097,0.9606,0.9225,,6,6,0.9469,0.6402,733.29,1200.45,5,14,1e480,218,16,202,70,1
qcomp-rabin-4,19,10241,99.99,17,174097,0.9606,0.9225,,7,7,0.9606,1,894.04,894.78,7,13,1e966,2,0,2,0,0
qcomp-rabin-4,19,10241,99.99,17,174097,0.9606,0.9225,,8,6,0.9606,1,538.91,539.35,5,14,1e480,2,0,2,0,0
qcomp-resource-gathering-5,7,3292,99.97,5,16460,-47.7105,-99.877,,1,1,-95.1392,0.0908,0.63,3.21,1,1,70000,286,33,253,72,3
qcomp-resource-gathering-5,7,3292,99.97,5,16460,-47.7105,-99.877,,2,2,-53.9064,0.8812,48.73,89.66,2,3,1.00E+13,8881,1739,7142,1583,4
qcomp-resource-gathering-5,7,3292,99.97,5,16460,-47.7105,-99.877,,3,3,-47.7105,1,92.38,92.83,3,5,1.00E+29,36,11,25,1,0
qcomp-resource-gathering-5,7,3292,99.97,5,16460,-47.7105,-99.877,,4,3,-47.7105,1,95,95.48,3,5,1.00E+29,36,11,25,1,0
qcomp-resource-gathering-5,7,3292,99.97,5,16460,-47.7105,-99.877,,5,3,-47.7105,1,98.65,99.15,3,5,1.00E+29,36,11,25,1,0
qcomp-resource-gathering-5,7,3292,99.97,5,16460,-47.7105,-99.877,,6,3,-47.7105,1,91.23,91.69,3,5,1.00E+29,36,11,25,1,0
qcomp-resource-gathering-5,7,3292,99.97,5,16460,-47.7105,-99.877,,7,3,-47.7105,1,90.19,90.63,3,5,1.00E+29,36,11,25,1,0
qcomp-resource-gathering-5,7,3292,99.97,5,16460,-47.7105,-99.877,,8,3,-47.7105,1,79.56,80.01,3,5,1.00E+29,36,11,25,1,0
qcomp-wlan-1-2,11,3127,99.90,34,106318,0.1083,0.0273,,1,1,0.0453,0.2228,6.65,110.15,1,1,1.00E+11,2884,119,2765,905,6
qcomp-wlan-1-2,11,3127,99.90,34,106318,0.1083,0.0273,,2,2,0.0612,0.4188,203.36,1200.09,2,3,1.00E+31,20787,1233,19554,6023,11
qcomp-wlan-1-2,11,3127,99.90,34,106318,0.1083,0.0273,,3,3,0.0747,0.5852,1032.51,1200.08,3,6,1.00E+70,5589,1050,4539,1031,12
qcomp-wlan-1-2,11,3127,99.90,34,106318,0.1083,0.0273,,4,4,0.0747,0.5852,1097.8,1200.1,4,8,1.00E+150,4998,380,4618,1446,1
qcomp-wlan-1-2,11,3127,99.90,34,106318,0.1083,0.0273,,5,5,0.0708,0.5378,536.66,1203.08,5,19,1.00E+308,466,178,288,10,2
qcomp-wlan-1-2,11,3127,99.90,34,106318,0.1083,0.0273,,6,6,0.0747,0.5853,692.65,1209.81,6,22,1e625,83,38,45,10,2
qcomp-wlan-1-2,11,3127,99.90,34,106318,0.1083,0.0273,,7,7,0.0747,0.5852,646.86,1206.32,6,22,1e1260,148,56,92,8,1
qcomp-wlan-1-2,11,3127,99.90,34,106318,0.1083,0.0273,,8,8,0.0754,0.5945,860.69,1209.5,7,28,1e1260,51,22,29,8,1